,qty,price,,daily_PNL,running_PNL
0,2400,90.99190297450001,,218380.56713880002,218380.56713880002
1,2820,94.4812328466,,266437.076627412,484817.64376621204
2,-4770,100.31840809200001,,-478518.80659884005,6298.837167371996
3,-630,100.113759996,,-63071.66879748,-56772.831630108005
4,2600,103.30472306700001,,268592.2799742,211819.448344092
5,-410,108.853640475,,-44629.99259475,167189.45574934199
6,2740,105.838701657,,289998.04254018003,457187.498289522
7,-850,108.18515395,,-91957.3808575,365230.117432022
8,-1040,112.262244079,,-116752.73384216,248477.383589862
9,-1730,117.614590076,,-203473.24083148,45004.14275838199
10,-1150,120.440298087,,-138506.34280005,-93502.20004166802
11,4160,120.287645863,,500396.60679007997,406894.40674841194
12,-1660,123.93612302700001,,-205733.96422482003,201160.44252359192
13,-3180,126.114216125,,-401043.2072775,-199882.7647539081
14,2930,123.534686229,,361956.63065097,162073.86589706189
15,2010,125.785962163,,252829.78394763,414903.64984469186
16,-1070,129.062781496,,-138097.17620072002,276806.47364397184
17,3380,131.130549206,,443221.25631628005,720027.7299602518
18,-2090,132.03515299,,-275953.4697491,444074.26021115185
19,-4870,134.896278497,,-656944.87628039,-212870.6160692381
20,2340,134.653952142,,315090.24801228003,102219.63194304192
21,-3890,133.168081443,,-518023.83681327,-415804.2048702281
22,-2560,138.244637961,,-353906.27318016,-769710.478050388
23,-1420,137.949310019,,-195888.02022698,-965598.498277368
24,-1300,135.921899456,,-176698.4692928,-1142296.967570168
25,-2850,135.128808838,,-385117.1051883,-1527414.0727584679
26,-2480,132.78270638,,-329301.1118224,-1856715.1845808679
27,-2350,126.15565306799999,,-296465.7847098,-2153180.9692906677
28,-1010,125.917851751,,-127177.03026851,-2280357.9995591776
29,-3720,125.251161042,,-465934.31907624,-2746292.3186354176
30,-4080,115.337850698,,-470578.43084784,-3216870.7494832575
31,4310,116.51509453799999,,502180.05745877995,-2714690.6920244778
32,-4460,120.524761159,,-537540.43476914,-3252231.126793618
33,-4770,116.24227537700001,,-554475.65354829,-3806706.780341908
34,1060,113.68932522799999,,120510.68474167999,-3686196.095600228
35,1150,108.598091522,,124887.8052503,-3561308.2903499277
36,-3770,105.96053078899999,,-399471.20107452996,-3960779.4914244576
37,650,111.568090055,,72519.25853575,-3888260.2328887074
38,-2320,116.98573168799999,,-271406.89751616,-4159667.130404867
39,-230,113.504615282,,-26106.06151486,-4185773.1919197273
40,-90,115.042986552,,-10353.86878968,-4196127.060709408
41,4200,113.615120425,,477183.505785,-3718943.5549244075
42,-4680,121.16483345299999,,-567051.4205600399,-4285994.975484448
43,-100,120.700184868,,-12070.0184868,-4298064.993971247
44,3660,120.565388363,,441269.32140858,-3856795.672562667
45,3090,125.06000948,,386435.4292932,-3470360.2432694673
46,-1350,125.87562676200001,,-169932.0961287,-3640292.339398167
47,3040,135.186297732,,410966.34510528005,-3229325.994292887
48,2280,138.93104388700002,,316762.78006236005,-2912563.2142305267
49,1730,141.38149422,,244589.98500060002,-2667973.2292299266
50,-1090,142.643384282,,-155481.28886738,-2823454.5180973066
51,-1460,137.525843912,,-200787.73211152,-3024242.2502088267
52,540,130.76903297799998,,70615.27780812,-2953626.9724007067
53,1880,130.900026088,,246092.04904544,-2707534.923355267
54,-170,138.56350662,,-23555.7961254,-2731090.719480667
55,880,150.152920334,,132134.56989391998,-2598956.149586747
56,4340,152.18126416,,660466.6864544001,-1938489.463132347
57,1950,145.167763358,,283077.1385481,-1655412.324584247
58,-560,143.263162771,,-80227.37115176,-1735639.695736007
59,-2410,145.479725688,,-350606.13890808,-2086245.8346440871
60,-4000,155.225404954,,-620901.619816,-2707147.454460087
61,-2740,160.00254947,,-438406.98554779997,-3145554.4400078873
62,1950,166.11897717600002,,323932.00549320003,-2821622.4345146874
63,-20,159.000660423,,-3180.01320846,-2824802.4477231475
64,-750,159.26504746,,-119448.78559500001,-2944251.2333181472
65,-840,153.508545033,,-128947.17782771999,-3073198.4111458673
66,2270,147.224742268,,334200.16494836,-2738998.2461975073
67,-170,152.17008809700002,,-25868.914976490003,-2764867.1611739974
68,-4910,149.960870397,,-736307.87364927,-3501175.0348232677
69,4130,150.890501788,,623177.77238444,-2877997.2624388277
70,-120,152.158499836,,-18259.01998032,-2896256.2824191474
71,-3380,159.835635026,,-540244.44638788,-3436500.7288070275
72,-2470,163.41306372399998,,-403630.26739828,-3840130.9962053075
73,620,165.945664123,,102886.31175626,-3737244.684449048
74,-1960,161.70713172799998,,-316945.97818687995,-4054190.6626359276
75,-2300,165.540918436,,-380744.1124028,-4434934.775038728
76,-3370,155.028397262,,-522445.69877293997,-4957380.473811667
77,3890,151.827843172,,590610.30993908,-4366770.1638725875
78,2370,149.359969251,,353983.12712486996,-4012787.0367477173
79,-3040,152.850574726,,-464665.74716703995,-4477452.783914757
80,-2450,150.289670127,,-368209.69181115,-4845662.475725907
81,800,159.67352184700002,,127738.81747760001,-4717923.658248307
82,4550,151.149783118,,687731.5131869,-4030192.1450614072
83,-280,140.920257722,,-39457.67216216,-4069649.817223567
84,1320,141.45750921299998,,186723.91216115997,-3882925.9050624073
85,-2180,140.977170115,,-307330.2308507,-4190256.135913107
86,3000,147.983711858,,443951.13557399996,-3746305.000339107
87,-950,145.9964289,,-138696.60745500002,-3885001.607794107
88,2900,146.74624954700002,,425564.12368630007,-3459437.484107807
89,1530,150.51483107,,230287.6915371,-3229149.792570707
90,-670,151.799130766,,-101705.41761322,-3330855.210183927
91,2830,151.687904605,,429276.77003215,-2901578.440151777
92,-1780,160.54481869399999,,-285769.77727531997,-3187348.2174270973
93,-4730,157.567100684,,-745292.38623532,-3932640.6036624173
94,-1190,154.262756481,,-183572.68021239,-4116213.2838748074
95,-2880,158.091535981,,-455303.62362528,-4571516.907500087
96,2940,158.67360915,,466500.410901,-4105016.4965990875
97,-3270,158.758314513,,-519139.68845750997,-4624156.185056597
98,-3580,150.911226111,,-540262.18947738,-5164418.374533977
99,4680,144.82833375299998,,677796.60196404,-4486621.772569938
100,800,146.834004709,,117467.2037672,-4369154.568802738
101,-880,150.104895073,,-132092.30766423998,-4501246.876466977
102,4030,147.246060585,,593401.62415755,-3907845.2523094276
103,-150,149.341217561,,-22401.182634150002,-3930246.4349435777
104,-4150,146.342346786,,-607320.7391619,-4537567.1741054775
105,1470,134.853733647,,198234.98846109002,-4339332.185644387
106,3710,136.866577049,,507775.00085179,-3831557.1847925973
107,-4620,140.898717289,,-650952.07387518,-4482509.258667777
108,-4290,141.148398592,,-605526.62995968,-5088035.888627457
109,4910,138.003472574,,677597.05033834,-4410438.838289117
110,370,134.546649584,,49782.260346079995,-4360656.577943037
111,-3970,141.463019094,,-561608.18580318,-4922264.763746217
112,2700,150.054095738,,405146.0584926,-4517118.705253617
113,-1700,141.877850948,,-241192.3466116,-4758311.051865217
114,-2210,137.259898149,,-303344.37490929,-5061655.426774507
115,-2120,144.607674259,,-306568.26942907996,-5368223.696203588
116,3380,156.240647072,,528093.38710336,-4840130.309100227
117,-5000,170.60038524,,-853001.9262,-5693132.235300227
118,-3540,168.32414112200001,,-595867.45957188,-6288999.694872107
119,-1610,178.72781276799998,,-287751.77855647996,-6576751.473428587
120,790,182.52356080599998,,144193.61303674,-6432557.860391848
121,-2330,187.846494088,,-437682.33122503996,-6870240.191616888
122,-4580,185.370444381,,-848996.63526498,-7719236.826881868
123,-4150,175.760961064,,-729407.9884156,-8448644.815297468
124,4900,182.77048599,,895575.3813509999,-7553069.433946468
125,2900,169.354272421,,491127.3900209,-7061942.0439255675
126,2590,167.345789584,,433425.59502256,-6628516.448903007
127,650,153.922848777,,100049.85170505001,-6528466.597197957
128,3640,154.952125031,,564025.7351128401,-5964440.862085117
129,1930,160.55547709,,309872.07078370004,-5654568.791301417
130,-1460,145.287874943,,-212120.29741678,-5866689.088718197
131,1760,143.14051915299999,,251927.31370928,-5614761.775008917
132,-4790,142.26520518799998,,-681450.3328505199,-6296212.107859436
133,4380,135.667212184,,594222.38936592,-5701989.718493517
134,2550,130.3285477,,332337.796635,-5369651.9218585165
135,-1250,133.083979857,,-166354.97482125,-5536006.8966797665
136,-3410,145.02071280200002,,-494520.63065482007,-6030527.527334587
137,830,141.767051737,,117666.65294171,-5912860.874392876
138,-2490,133.588072913,,-332634.30155336997,-6245495.175946247
139,3990,140.5956365,,560976.5896350001,-5684518.586311247
140,-70,134.733362984,,-9431.33540888,-5693949.921720128
141,-20,143.36412134399998,,-2867.2824268799995,-5696817.204147007
142,510,135.722337908,,69218.39233307999,-5627598.811813927
143,620,128.051461404,,79391.90607048,-5548206.905743447
144,730,132.75360679,,96910.13295669999,-5451296.772786747
145,4710,141.32885777299998,,665658.9201108299,-4785637.852675917
146,-4320,139.685455552,,-603441.16798464,-5389079.020660557
147,-2190,132.75680936700002,,-290737.41251373006,-5679816.433174287
148,3020,128.38278349,,387716.0061398,-5292100.427034487
149,-2870,121.728369056,,-349360.41919072,-5641460.846225207
150,-150,117.35228862,,-17602.843292999998,-5659063.689518207
151,-2410,117.107980176,,-282230.23222416,-5941293.921742367
152,-2490,113.23133377399999,,-281946.02109726,-6223239.942839626
153,20,113.920657711,,2278.4131542200003,-6220961.529685406
154,-4490,110.01568324700001,,-493970.41777903005,-6714931.947464436
155,-1070,106.702901849,,-114172.10497843,-6829104.052442866
156,430,108.48912246200001,,46650.32265866001,-6782453.7297842065
157,-1470,108.504720955,,-159501.93980385,-6941955.669588056
158,1050,105.678266066,,110962.1793693,-6830993.490218757
159,2500,104.819320459,,262048.3011475,-6568945.189071257
160,1320,103.723316446,,136914.77770872,-6432030.411362536
161,510,106.601672209,,54366.85282659,-6377663.5585359465
162,-710,105.626370563,,-74994.72309972999,-6452658.2816356765
163,-2230,107.65176937,,-240063.4456951,-6692721.727330777
164,2860,108.91315724200001,,311491.62971212005,-6381230.097618657
165,2350,106.13014128,,249405.832008,-6131824.265610658
166,4070,107.85361849700001,,438964.22728279006,-5692860.038327867
167,-650,109.182579311,,-70968.67655215,-5763828.714880018
168,2130,113.08592928899999,,240873.02938556997,-5522955.685494447
169,4940,118.08156085899999,,583322.91064346,-4939632.774850987
170,-650,115.606013878,,-75143.9090207,-5014776.683871686
171,930,116.10685945899999,,107979.37929686999,-4906797.3045748165
172,-1710,106.60817818700001,,-182299.98469977002,-5089097.289274586
173,-2050,106.366122651,,-218050.55143455,-5307147.840709137
174,-310,109.93351396,,-34079.3893276,-5341227.2300367365
175,3830,116.449034484,,445999.80207371997,-4895227.427963017
176,300,119.596121361,,35878.8364083,-4859348.591554716
177,-1380,119.011269471,,-164235.55186998,-5023584.143424696
178,4110,115.35950705100001,,474127.57397961005,-4549456.569445087
179,2560,118.873695642,,304316.66084352,-4245139.908601566
180,4880,112.699586487,,549973.98205656,-3695165.926545006
181,3080,110.18724434200001,,339376.71257336007,-3355789.213971646
182,-1270,116.82766904299999,,-148371.13968460998,-3504160.353656256
183,-4910,120.151395836,,-589943.35355476,-4094103.707211016
184,3520,124.18357714700001,,437126.19155744003,-3656977.5156535762
185,-3420,115.623919395,,-395433.8043309,-4052411.319984476
186,-490,108.836208003,,-53329.74192147,-4105741.061905946
187,3510,109.14579159700001,,383101.72850547003,-3722639.3334004763
188,-1310,113.112664216,,-148177.59012295998,-3870816.9235234363
189,-230,119.76895844399999,,-27546.86044212,-3898363.7839655564
190,2490,122.443350941,,304883.94384309003,-3593479.8401224664
191,-3010,120.165574391,,-361698.37891691003,-3955178.2190393764
192,1320,117.368260776,,154926.10422432,-3800252.1148150563
193,-120,122.851543389,,-14742.18520668,-3814994.3000217364
194,-1310,115.316851305,,-151065.07520955,-3966059.3752312865
195,3340,110.595682806,,369389.58057204,-3596669.7946592467
196,1270,108.12792276100001,,137322.46190647,-3459347.332752777
197,-4530,110.16705559399999,,-499056.76184081996,-3958404.0945935966
198,2050,108.754972546,,222947.6937193,-3735456.4008742967
199,3990,98.45918029959999,,392852.12939540396,-3342604.271478893
200,-4030,99.04300727639999,,-399143.31932389195,-3741747.5908027845
201,-1810,100.324850376,,-181587.97918056,-3923335.5699833445
202,-4570,101.02380635799999,,-461678.79505605996,-4385014.3650394045
203,-4590,112.664536286,,-517130.22155274,-4902144.586592144
204,3770,105.118586801,,396297.07223977003,-4505847.514352375
205,-1820,100.93092058,,-183694.2754556,-4689541.789807974
206,-2070,103.013031679,,-213236.97557553,-4902778.765383504
207,-3410,113.863852901,,-388275.73839241,-5291054.503775914
208,-3390,115.862854125,,-392775.07548374997,-5683829.579259664
209,2330,112.33872248899999,,261749.22339936998,-5422080.355860294
210,-2260,105.457717649,,-238334.44188674,-5660414.797747034
211,-550,101.703066741,,-55936.68670755,-5716351.484454583
212,-180,101.772639716,,-18319.07514888,-5734670.559603463
213,-900,110.802829027,,-99722.5461243,-5834393.105727763
214,4280,111.16580606299999,,475789.64994964,-5358603.455778123
215,480,117.880191216,,56582.49178368,-5302020.9639944425
216,-2150,119.32594564899999,,-256550.78314534997,-5558571.747139793
217,-2010,121.50242174799999,,-244219.86771347997,-5802791.614853273
218,2040,121.37937562799999,,247613.92628112,-5555177.688572153
219,-4970,127.943855953,,-635880.96408641,-6191058.652658563
220,-4020,126.05930584,,-506758.40947679995,-6697817.062135363
221,4290,127.175801845,,545584.1899150499,-6152232.872220313
222,-4930,120.457188646,,-593853.94002478,-6746086.812245093
223,1340,124.30614316799999,,166570.23184512,-6579516.580399973
224,90,120.64395159899999,,10857.95564391,-6568658.624756063
225,-1610,125.69245998299999,,-202364.86057263,-6771023.485328693
226,220,131.111211233,,28844.466471260002,-6742179.0188574325
227,2060,132.513305935,,272977.4102261,-6469201.608631332
228,3060,128.164087625,,392182.1081325,-6077019.500498832
229,3280,134.248320439,,440334.49103992,-5636685.009458913
230,-1090,137.30680635,,-149664.41892149998,-5786349.428380413
231,-2520,144.941053332,,-365251.45439664,-6151600.882777053
232,1840,145.61072564399998,,267923.73518495995,-5883677.147592093
233,850,147.839598915,,125663.65907775001,-5758013.488514343
234,2200,136.927839955,,301241.24790099997,-5456772.240613343
235,3610,137.030108082,,494678.69017601997,-4962093.550437323
236,-800,136.19760664700001,,-108958.08531760001,-5071051.635754922
237,-2310,145.92312410600002,,-337082.41668486,-5408134.052439783
238,-4220,152.614257388,,-644032.16617736,-6052166.218617143
239,1000,159.168842566,,159168.842566,-5892997.376051143
240,-3470,157.330262038,,-545936.00927186,-6438933.385323003
241,-3650,157.912752728,,-576381.5474572,-7015314.9327802025
242,-2140,152.236369707,,-325785.83117297996,-7341100.763953183
243,-1900,157.523609324,,-299294.8577156,-7640395.621668783
244,-4380,150.299556752,,-658312.05857376,-8298707.680242543
245,3830,155.84702475,,596894.1047925,-7701813.575450043
246,-2150,165.147050273,,-355066.15808694996,-8056879.733536993
247,3130,163.379945026,,511379.22793138,-7545500.505605613
248,2610,160.898837194,,419945.96507634,-7125554.5405292725
249,-1510,154.079771953,,-232660.45564903002,-7358214.996178303
250,1360,152.972911808,,208043.16005888,-7150171.836119423
251,-540,143.029781724,,-77236.08213096,-7227407.918250383
252,1670,140.769331302,,235084.78327434,-6992323.134976042
253,3630,148.438561175,,538831.9770652499,-6453491.157910792
254,-3830,154.89773005700002,,-593258.3061183101,-7046749.464029103
255,240,151.036732247,,36248.81573928,-7010500.648289823
256,4210,138.11133602,,581448.7246442001,-6429051.923645623
257,3620,139.78875769200002,,506035.30284504005,-5923016.620800583
258,1320,134.400893165,,177409.1789778,-5745607.441822783
259,1200,130.005801723,,156006.9620676,-5589600.479755183
260,4840,120.241258665,,581967.6919386,-5007632.787816582
261,1670,116.55800483899999,,194651.86808113,-4812980.919735452
262,2360,116.847310277,,275759.65225372004,-4537221.267481732
263,290,118.447477426,,34349.768453540004,-4502871.499028192
264,-3260,112.67330669799999,,-367314.97983548,-4870186.478863671
265,-2710,110.589290421,,-299696.97704091,-5169883.455904582
266,-3030,114.069105904,,-345629.39088912,-5515512.846793702
267,2130,105.91902103299999,,225607.51480029,-5289905.331993412
268,3800,112.088816419,,425937.5023922,-4863967.829601212
269,-140,107.664020957,,-15072.962933980001,-4879040.792535192
270,3970,105.585549532,,419174.63164204,-4459866.1608931525
271,3780,100.773760756,,380924.81565768,-4078941.3452354725
272,500,106.66405506,,53332.02753,-4025609.3177054725
273,-530,108.550206817,,-57531.609613010005,-4083140.9273184827
274,2580,108.454124344,,279811.64080751996,-3803329.2865109625
275,2480,101.542305329,,251824.91721592,-3551504.3692950425
276,2360,103.875795232,,245146.87674752,-3306357.4925475223
277,-260,105.65669723399999,,-27470.741280839997,-3333828.233828362
278,1740,109.038763457,,189727.44841518,-3144100.785413182
279,-3960,104.24486958600001,,-412809.68356056005,-3556910.468973742
280,1060,105.331791486,,111651.69897516,-3445258.769998582
281,640,102.93050236799999,,65875.52151552,-3379383.2484830623
282,-1040,97.1904557208,,-101078.073949632,-3480461.322432694
283,3850,93.693658863,,360720.58662255,-3119740.735810144
284,1560,93.3025475116,,145551.974118096,-2974188.761692048
285,-420,98.0546268075,,-41182.94325915,-3015371.704951198
286,0,102.346155259,,,
287,-1520,101.036508362,,-153575.49271024,-3168947.197661438
288,-670,102.759817469,,-68849.07770423,-3237796.275365668
289,-1870,100.695906757,,-188301.34563559,-3426097.621001258
290,-4120,105.506200242,,-434685.54499704,-3860783.165998298
291,1950,94.4481149466,,184173.82414587,-3676609.3418524284
292,-4390,98.24776882959999,,-431307.705161944,-4107917.0470143724
293,1810,99.8005694382,,180639.030683142,-3927278.0163312303
294,2700,99.21947405450001,,267892.57994715,-3659385.4363840804
295,560,92.2107648449,,51638.028313144,-3607747.4080709363
296,3700,93.8047047266,,347077.40748841997,-3260670.000582516
297,-430,98.37327722639999,,-42300.509207352,-3302970.5097898683
298,-950,101.80737202200001,,-96717.00342090002,-3399687.5132107683
299,3390,102.976076959,,349088.90089101,-3050598.612319758
300,-3590,96.8218857085,,-347590.569693515,-3398189.1820132732
301,4450,96.7863337501,,430699.18518794497,-2967489.996825328
302,3150,90.1176512535,,283870.601448525,-2683619.3953768034
303,600,97.3050373499,,58383.02240994,-2625236.372966863
304,-4090,98.1947764424,,-401616.635649416,-3026853.0086162793
305,-1770,94.2488728206,,-166820.504892462,-3193673.5135087413
306,-3550,95.07349302739999,,-337510.90024726995,-3531184.413756011
307,2060,97.33399879950001,,200508.03752697003,-3330676.3762290413
308,-3020,100.93955061,,-304837.4428422,-3635513.819071241
309,4980,102.282552736,,509367.11262528,-3126146.7064459613
310,-3170,97.9411574109,,-310473.468992553,-3436620.1754385144
311,1720,105.667390614,,181747.91185608,-3254872.2635824345
312,2980,108.81222299,,324260.4245102,-2930611.8390722345
313,-1780,105.858087146,,-188427.39511988,-3119039.2341921143
314,-180,105.886478465,,-19059.5661237,-3138098.800315814
315,-4250,106.81426344,,-453960.61962,-3592059.419935814
316,-3470,105.41344520700001,,-365784.65486829006,-3957844.074804104
317,4860,102.51503719700001,,498223.0807774201,-3459620.9940266837
318,1690,101.879433243,,172176.24218067,-3287444.7518460136
319,3820,103.651357424,,395948.18535968,-2891496.5664863335
320,-4910,102.774940524,,-504624.95797284,-3396121.5244591734
321,260,97.02990991959999,,25227.776579095997,-3370893.7478800775
322,-1620,101.99866396600001,,-165237.83562492003,-3536131.5835049977
323,-4550,98.71824279469999,,-449168.004715885,-3985299.5882208827
324,4060,101.93609935100001,,413860.56336506,-3571439.024855823
325,1010,95.71571726,,96672.8744326,-3474766.1504232227
326,4990,96.2644642462,,480359.67658853804,-2994406.4738346846
327,-2600,93.7860738282,,-243843.79195332,-3238250.2657880047
328,1270,93.3425979314,,118545.09937287799,-3119705.1664151265
329,1150,94.2874350457,,108430.550302555,-3011274.6161125717
330,2750,92.07086218879999,,253194.87101919999,-2758079.7450933717
331,-2620,96.19264160809999,,-252024.72101322198,-3010104.4661065936
332,1050,89.6105894647,,94091.118937935,-2916013.3471686584
333,2000,95.5862520188,,191172.50403759998,-2724840.8431310584
334,4050,96.3663764797,,390283.82474278496,-2334557.018388273
335,-3450,103.045976161,,-355508.61775545,-2690065.636143723
336,820,96.6942222232,,79289.262223024,-2610776.373920699
337,-1730,96.2185642723,,-166458.116191079,-2777234.490111778
338,-130,102.344212301,,-13304.74759913,-2790539.237710908
339,50,105.11426124799999,,5255.713062399999,-2785283.524648508
340,4920,107.813757954,,530443.68913368,-2254839.835514828
341,170,96.92940701370001,,16477.999192329004,-2238361.836322499
342,-3270,97.6821020399,,-319420.47367047303,-2557782.309992972
343,4880,96.8789196193,,472769.12774218404,-2085013.1822507877
344,-4840,98.33098471870001,,-475921.96603850805,-2560935.148289296
345,-1980,97.7481767863,,-193541.39003687399,-2754476.53832617
346,-3950,96.60616656020001,,-381594.35791279003,-3136070.89623896
347,400,98.5603118289,,39424.12473156,-3096646.7715074
348,560,98.51924031290001,,55170.77457522401,-3041475.996932176
349,-1360,98.3030882811,,-133692.200062296,-3175168.196994472
350,-1780,105.91722794200001,,-188532.66573676,-3363700.862731232
351,-2190,107.82056133,,-236127.0293127,-3599827.892043932
352,-4530,109.895001434,,-497824.35649602,-4097652.2485399516
353,-650,114.73027894799999,,-74574.68131619999,-4172226.929856152
354,-3320,114.185961529,,-379097.39227628,-4551324.322132432
355,-680,117.35316483700001,,-79800.15208916001,-4631124.474221592
356,4160,111.19182699299999,,462558.00029088,-4168566.473930712
357,-30,114.15816853700001,,-3424.7450561100004,-4171991.218986822
358,-1700,110.565803733,,-187961.8663461,-4359953.085332922
359,-3200,112.08313456399999,,-358666.0306048,-4718619.115937722
360,-2800,108.774778609,,-304569.3801052,-5023188.496042922
361,1860,100.01858550899999,,186034.56904673998,-4837153.926996182
362,2380,98.8649868642,,235298.668736796,-4601855.258259386
363,-1850,94.751115464,,-175289.5636084,-4777144.821867785
364,-1450,90.0347883123,,-130550.44305283499,-4907695.26492062
365,360,84.7884391961,,30523.838110596,-4877171.426810024
366,-4830,80.3135600011,,-387914.494805313,-5265085.921615337
367,-280,81.07815776449999,,-22701.884174059996,-5287787.805789397
368,-180,84.2564088516,,-15166.153593288,-5302953.959382685
369,760,84.6182580982,,64309.876154632,-5238644.083228053
370,4350,89.56737571709999,,389618.084369385,-4849025.998858668
371,-390,86.6561289777,,-33795.890301303,-4882821.889159971
372,60,94.1637651815,,5649.82591089,-4877172.063249081
373,-3590,97.419226424,,-349735.02286216,-5226907.086111241
374,1000,102.837514468,,102837.514468,-5124069.571643241
375,1460,97.0425684148,,141682.149885608,-4982387.421757633
376,-2160,98.37715801,,-212494.66130160002,-5194882.083059233
377,4710,104.726329402,,493261.01148342004,-4701621.071575813
378,2190,100.003223532,,219007.05953508,-4482614.012040733
379,-3420,105.34975134700001,,-360296.14960674004,-4842910.161647473
380,220,112.69946169200001,,24793.881572240003,-4818116.280075233
381,780,118.001616985,,92041.2612483,-4726075.018826934
382,1530,119.650059989,,183064.59178317,-4543010.427043764
383,-4320,124.736949345,,-538863.6211704,-5081874.048214164
384,400,123.345837871,,49338.3351484,-5032535.713065764
385,1590,127.685764028,,203020.36480451998,-4829515.348261244
386,-3290,128.83479539200002,,-423866.47683968005,-5253381.825100924
387,-2360,134.646755163,,-317766.34218468,-5571148.1672856035
388,3270,141.161036164,,461596.58825628,-5109551.5790293235
389,4170,143.699939575,,599228.74802775,-4510322.831001573
390,1310,158.368610155,,207462.87930305,-4302859.951698523
391,-540,155.40519973600001,,-83918.80785744001,-4386778.759555963
392,-2970,150.31716270299998,,-446441.97322790994,-4833220.732783873
393,4950,154.694561158,,765738.0777321,-4067482.6550517725
394,3600,148.157137496,,533365.6949856,-3534116.9600661723
395,-860,148.21270681200002,,-127462.92785832002,-3661579.8879244924
396,-4470,140.852386988,,-629610.16983636,-4291190.057760852
397,-3220,132.84977836299998,,-427776.28632886,-4718966.344089712
398,-4280,134.09883043,,-573942.9942403999,-5292909.338330112
399,470,132.348861256,,62203.964790319995,-5230705.373539792
400,-1530,124.94781171,,-191170.1519163,-5421875.525456092
401,-500,129.269928431,,-64634.964215500004,-5486510.489671593
402,-2420,137.56494055,,-332907.15613099997,-5819417.645802593
403,-1350,151.866904006,,-205020.3204081,-6024437.966210693
404,-360,145.47575617299998,,-52371.27222227999,-6076809.238432973
405,-2860,137.191926141,,-392368.90876326006,-6469178.147196232
406,-4580,136.68631036899998,,-626023.3014900199,-7095201.448686252
407,-3540,133.59651077700002,,-472931.64815058006,-7568133.096836832
408,-330,132.898720457,,-43856.57775081,-7611989.674587643
409,700,126.220562935,,88354.39405450001,-7523635.280533142
410,-4390,133.569038357,,-586368.07838723,-8110003.358920372
411,2160,131.383798251,,283789.00422216003,-7826214.354698212
412,-2000,130.121283651,,-260242.567302,-8086456.922000212
413,-830,120.787523117,,-100253.64418711001,-8186710.566187322
414,170,123.388877111,,20976.10910887,-8165734.457078452
415,2080,132.813541233,,276252.16576463997,-7889482.291313812
416,-4080,141.03591449,,-575426.5311192,-8464908.822433012
417,-1680,141.121738376,,-237084.52047168,-8701993.342904693
418,-1210,141.032103686,,-170648.84546006,-8872642.188364752
419,-3320,136.484447199,,-453128.36470067996,-9325770.553065432
420,-770,144.46340021,,-111236.81816170001,-9437007.371227132
421,1570,130.47911257299998,,204852.20673960997,-9232155.164487522
422,-2410,127.461191071,,-307181.47048111,-9539336.634968633
423,-4140,137.322525311,,-568515.25478754,-10107851.889756173
424,-380,131.927430862,,-50132.423727559995,-10157984.313483734
425,950,138.030571063,,131129.04250985,-10026855.270973884
426,-3680,132.21340645799998,,-486545.3357654399,-10513400.606739324
427,810,134.888145044,,109259.39748564,-10404141.209253684
428,730,135.998606078,,99278.98243694,-10304862.226816744
429,960,138.99109681,,133431.4529376,-10171430.773879144
430,-1890,139.165829776,,-263023.41827664,-10434454.192155784
431,4990,135.132104007,,674309.19899493,-9760144.993160853
432,4780,136.782498592,,653820.34326976,-9106324.649891093
433,1210,137.40783710899998,,166263.48290188998,-8940061.166989204
434,2160,143.911896959,,310849.69743144,-8629211.469557764
435,-4610,154.63371914799998,,-712861.4452722799,-9342072.914830044
436,4380,156.668970871,,686210.0924149799,-8655862.822415063
437,-2380,162.161640927,,-385944.70540626004,-9041807.527821323
438,-4720,157.299024889,,-742451.39747608,-9784258.925297404
439,-4980,161.250052117,,-803025.25954266,-10587284.184840064
440,2130,161.086913093,,343115.12488809,-10244169.059951974
441,-4970,157.25103279299998,,-781537.6329812099,-11025706.692933183
442,-4140,163.094683954,,-675211.99156956,-11700918.684502743
443,4340,166.291114861,,721703.4384967401,-10979215.246006003
444,-2830,159.185364755,,-450494.58225664997,-11429709.828262653
445,-3690,169.248901197,,-624528.44541693,-12054238.273679582
446,2860,175.488109596,,501895.99344456,-11552342.280235022
447,-3820,181.847483073,,-694657.38533886,-12246999.665573882
448,1080,182.48258597,,197081.1928476,-12049918.472726282
449,-1140,187.70011894400002,,-213978.13559616002,-12263896.608322442
450,-2420,183.28521253,,-443550.2143226,-12707446.822645042
451,-1900,186.437634077,,-354231.50474630005,-13061678.327391341
452,1950,191.82164556599997,,374052.20885369997,-12687626.118537642
453,2680,201.460445836,,539913.9948404799,-12147712.123697162
454,4820,188.361699156,,907903.38993192,-11239808.73376524
455,510,194.199270725,,99041.62806974999,-11140767.105695492
456,-2810,199.971186197,,-561919.03321357,-11702686.138909062
457,3690,197.553983479,,728974.1990375101,-10973711.939871551
458,-1840,212.42863547099998,,-390868.68926663994,-11364580.629138192
459,460,209.356448003,,96303.96608138,-11268276.663056811
460,-4020,213.815072155,,-859536.5900631,-12127813.253119912
461,4370,216.18390585400002,,944723.66858198,-11183089.584537933
462,3730,219.668732209,,819364.37113957,-10363725.213398363
463,-3600,221.958470232,,-799050.4928352,-11162775.706233563
464,-4360,234.32966637400003,,-1021677.3453906401,-12184453.051624203
465,-650,246.02074386599998,,-159913.48351289998,-12344366.535137104
466,170,255.028176283,,43354.789968109995,-12301011.745168993
467,4420,258.632532464,,1143155.79349088,-11157855.951678114
468,2940,243.684476549,,716432.36105406,-10441423.590624053
469,4930,243.045735589,,1198215.47645377,-9243208.114170283
470,-2480,249.91306326400002,,-619784.39689472,-9862992.511065003
471,-1310,242.76561563299998,,-318022.95647922996,-10181015.467544232
472,-1750,241.281112285,,-422241.94649875,-10603257.414042981
473,-4410,236.593600634,,-1043377.7787959401,-11646635.192838922
474,-3750,236.69872619400002,,-887620.2232275001,-12534255.416066423
475,-4970,244.959511144,,-1217448.77038568,-13751704.186452104
476,3760,255.020688605,,958877.7891548,-12792826.397297304
477,-540,261.958306295,,-141457.4853993,-12934283.882696604
478,-3030,259.85784101900003,,-787369.2582875701,-13721653.140984174
479,910,258.43817857,,235178.74249869998,-13486474.398485474
480,-4150,265.199934968,,-1100579.7301172,-14587054.128602674
481,3980,252.298774567,,1004149.12277666,-13582905.005826015
482,830,255.460563822,,212032.26797226002,-13370872.737853754
483,-2500,263.397496656,,-658493.74164,-14029366.479493754
484,390,255.270877442,,99555.64220238,-13929810.837291375
485,-700,253.387937443,,-177371.5562101,-14107182.393501475
486,-1390,252.89294857,,-351521.1985123,-14458703.592013776
487,-2580,257.30883601,,-663856.7969058,-15122560.388919577
488,1000,258.441668529,,258441.66852900002,-14864118.720390577
489,2780,270.562364995,,752163.3746860999,-14111955.345704477
490,-2900,248.10712769900002,,-719510.6703271001,-14831466.016031578
491,2190,253.283503824,,554690.87337456,-14276775.142657017
492,1400,253.48381266,,354877.33772400004,-13921897.804933017
493,3980,250.835389102,,998324.84862596,-12923572.956307057
494,850,245.267412698,,208477.30079329998,-12715095.655513758
495,2330,248.99559343,,580159.7326919,-12134935.922821857
496,420,242.736208613,,101949.20761746001,-12032986.715204397
497,1270,245.197373237,,311400.66401099,-11721586.051193407
498,3850,255.488204817,,983629.58854545,-10737956.462647956
499,-3040,246.57947308,,-749601.5981632001,-11487558.060811156
500,-60,250.918989427,,-15055.139365620002,-11502613.200176777
501,-4120,246.02959036400003,,-1013641.9122996802,-12516255.112476457
502,4790,258.17802104599997,,1236672.7208103398,-11279582.391666118
503,3080,255.688080602,,787519.2882541601,-10492063.103411958
504,2020,258.807325487,,522790.79748374,-9969272.305928217
505,2580,259.394183704,,669236.99395632,-9300035.311971897
506,-1280,260.452805892,,-333379.59154176,-9633414.903513657
507,1480,251.38935219,,372056.2412412,-9261358.662272457
508,1650,250.452470854,,413246.5769091,-8848112.085363356
509,-2730,256.20024210400004,,-699426.6609439201,-9547538.746307276
510,-2920,260.755624117,,-761406.42242164,-10308945.168728916
511,4850,246.61192023599997,,1196067.8131445998,-9112877.355584316
512,-1870,253.412682943,,-473881.71710341,-9586759.072687726
513,1870,240.84934820599997,,450388.2811452199,-9136370.791542506
514,2720,234.241522953,,637136.9424321599,-8499233.849110346
515,2980,216.22184415099997,,644341.0955699799,-7854892.753540367
516,-1760,219.985231722,,-387174.00783072,-8242066.761371087
517,-1900,214.940201882,,-408386.3835758,-8650453.144946888
518,-3750,208.88327251200002,,-783312.2719200001,-9433765.416866887
519,-250,219.276623331,,-54819.15583275,-9488584.572699638
520,4210,217.58862045200001,,916048.09210292,-8572536.480596717
521,2850,230.007197771,,655520.51364735,-7917015.966949368
522,4620,231.99394252,,1071812.0144423998,-6845203.952506968
523,-3010,233.98691025,,-704300.5998525,-7549504.552359467
524,2960,238.88947564400002,,707112.84790624,-6842391.704453227
525,120,218.475900533,,26217.108063959997,-6816174.596389267
526,950,236.12571851599998,,224319.43259019998,-6591855.163799067
527,-4770,232.472039968,,-1108891.6306473599,-7700746.794446427
528,-4840,242.278142062,,-1172626.20758008,-8873373.002026508
529,4280,237.68940671599998,,1017310.6607444799,-7856062.341282028
530,2320,229.374224495,,532148.2008284,-7323914.140453627
531,-2530,232.28465223700002,,-587680.17015961,-7911594.310613237
532,-3670,231.48914749099998,,-849565.17129197,-8761159.481905207
533,-50,221.379323319,,-11068.96616595,-8772228.448071158
534,1170,227.263053438,,265897.77252245997,-8506330.675548697
535,4750,236.366984832,,1122743.1779520002,-7383587.497596697
536,-4310,239.29181285200002,,-1031347.7133921201,-8414935.210988818
537,3680,249.916403888,,919692.36630784,-7495242.844680978
538,660,235.368543205,,155343.2385153,-7339899.606165678
539,1080,239.179492678,,258313.85209224,-7081585.754073438
540,1950,236.695148225,,461555.53903875,-6620030.215034688
541,-1210,240.29955701400002,,-290762.46398694004,-6910792.679021628
542,-700,232.378637217,,-162665.0460519,-7073457.725073528
543,4160,226.89368443400002,,943877.7272454401,-6129579.997828088
544,3490,228.54628704799998,,797626.5417975199,-5331953.456030568
545,2570,234.237590489,,601990.60755673,-4729962.848473838
546,-3990,227.907476922,,-909350.83291878,-5639313.6813926175
547,-1360,219.271870713,,-298209.74416968,-5937523.425562298
548,-3900,219.001688135,,-854106.5837264999,-6791630.009288798
549,-510,217.100890514,,-110721.45416214001,-6902351.463450938
550,-2450,226.63874034,,-555264.913833,-7457616.377283938
551,-110,237.52654289900002,,-26127.919718890003,-7483744.297002829
552,150,244.88695821,,36733.0437315,-7447011.253271328
553,-2750,237.94738030000002,,-654355.295825,-8101366.549096328
554,2490,240.164687165,,598010.07104085,-7503356.478055478
555,-450,242.42269598099998,,-109090.21319144999,-7612446.691246928
556,-2700,242.55681293,,-654903.394911,-8267350.086157927
557,2600,237.50985668,,617525.627368,-7649824.458789927
558,960,246.292782715,,236441.07140639998,-7413383.387383527
559,-1380,254.49579295700002,,-351204.19428066,-7764587.581664187
560,1350,260.108396748,,351146.3356098,-7413441.246054387
561,4270,244.53221430099998,,1044152.5550652699,-6369288.690989117
562,1560,256.30377037700003,,399833.8817881201,-5969454.809200997
563,3500,255.355228888,,893743.301108,-5075711.508092998
564,-1970,267.82796144,,-527621.0840368001,-5603332.592129798
565,1410,279.366957979,,393907.41075039003,-5209425.181379408
566,-80,284.551878422,,-22764.150273760002,-5232189.3316531675
567,4260,279.937940774,,1192535.62769724,-4039653.7039559274
568,1620,284.43209707200003,,460779.99725664005,-3578873.7066992875
569,3410,294.24961990099996,,1003391.2038624098,-2575482.5028368775
570,1440,269.01187729099996,,387377.10329903994,-2188105.3995378376
571,3240,252.525716705,,818183.3221242,-1369922.0774136377
572,4820,254.88562580200002,,1228548.71636564,-141373.3610479976
573,2840,244.229887253,,693612.87979852,552239.5187505224
574,150,258.472894155,,38770.93412325,591010.4528737724
575,780,250.430217212,,195335.56942536,786346.0222991323
576,3390,252.379318916,,855565.89112524,1641911.9134243722
577,-4510,239.093572046,,-1078312.00992746,563599.9034969122
578,500,234.532889582,,117266.444791,680866.3482879122
579,-3600,235.074646712,,-846268.7281632,-165402.37987528776
580,-3700,241.21556949,,-892497.607113,-1057899.986988288
581,4780,221.97030821799999,,1061018.07328204,3118.0862937520724
582,140,217.20143583799998,,30408.201017319996,33526.28731107207
583,-1920,207.009927669,,-397459.06112448004,-363932.773813408
584,-1650,196.005165534,,-323408.5231311,-687341.296944508
585,-2100,188.674312117,,-396216.0554457,-1083557.352390208
586,-3050,199.683979369,,-609036.13707545,-1692593.489465658
587,-4680,203.90492728099997,,-954275.0596750799,-2646868.549140738
588,160,197.225732397,,31556.11718352,-2615312.431957218
589,100,196.377543282,,19637.7543282,-2595674.6776290177
590,200,188.35689733099997,,37671.37946619999,-2558003.298162818
591,340,192.67243933400002,,65508.629373560005,-2492494.6687892578
592,4260,202.85611187599997,,864167.0365917599,-1628327.6321974979
593,4880,204.211381659,,996551.5424959201,-631776.0897015778
594,-1650,192.647819798,,-317868.9026667,-949644.9923682779
595,-590,201.757273609,,-119036.79142931,-1068681.783797588
596,-3140,206.96510221900002,,-649870.42096766,-1718552.204765248
597,-4760,197.90225233799998,,-942014.7211288799,-2660566.925894128
598,2650,195.13127609,,517097.8816385,-2143469.0442556283
599,-4570,195.36629126,,-892823.9510582,-3036292.9953138283
600,-2370,202.810393147,,-480660.63175839005,-3516953.6270722183
601,3030,203.495433328,,616591.16298384,-2900362.4640883785
602,400,212.908338984,,85163.3355936,-2815199.1284947786
603,-3730,217.51188404099997,,-811319.3274729298,-3626518.4559677085
604,-2520,211.29181049599998,,-532455.3624499199,-4158973.8184176283
605,-3250,228.67930249900002,,-743207.7331217501,-4902181.551539378
606,-3200,228.33337449200002,,-730666.7983744,-5632848.349913778
607,-720,222.32020381700002,,-160070.54674824,-5792918.896662017
608,-3130,215.487626641,,-674476.27138633,-6467395.168048347
609,100,222.289896317,,22228.9896317,-6445166.178416647
610,780,212.18230563,,165502.19839140002,-6279663.980025247
611,-670,211.42529952200002,,-141654.95067974002,-6421318.930704987
612,1550,215.52323238900001,,334061.01020295004,-6087257.920502037
613,2670,202.614604087,,540980.99291229,-5546276.927589747
614,4080,196.44277394,,801486.5176752,-4744790.409914548
615,-790,199.80231183900003,,-157843.82635281002,-4902634.236267358
616,-4890,215.575934257,,-1054166.31851673,-5956800.554784088
617,130,214.04229892700002,,27825.49886051,-5928975.055923578
618,4390,209.327064996,,918945.81533244,-5010029.240591139
619,-2560,203.12167576299998,,-519991.48995327996,-5530020.730544418
620,1540,221.725805337,,341457.74021898,-5188562.990325438
621,-10,217.478693802,,-2174.78693802,-5190737.777263458
622,2810,228.259555098,,641409.34982538,-4549328.4274380775
623,870,234.748157266,,204230.89682142,-4345097.530616658
624,-590,222.00671429099998,,-130983.96143168998,-4476081.492048347
625,-4430,219.763677894,,-973553.0930704201,-5449634.585118768
626,-4300,208.701509333,,-897416.4901319,-6347051.0752506675
627,-40,198.260874894,,-7930.434995760001,-6354981.510246428
628,-2650,207.33508851099998,,-549437.9845541499,-6904419.494800578
629,3030,208.6451456,,632194.791168,-6272224.703632578
630,1060,201.83784216200002,,213948.11269172002,-6058276.590940858
631,1560,201.43436266700002,,314237.60576052003,-5744038.985180338
632,-4670,190.644861581,,-890311.5035832699,-6634350.488763608
633,-4140,183.43669271099998,,-759427.9078235399,-7393778.396587148
634,150,189.30672726,,28396.009089,-7365382.387498149
635,4290,193.20349565900003,,828842.9963771101,-6536539.391121038
636,1560,182.99039565599998,,285465.01722335996,-6251074.373897678
637,-870,184.72642357599997,,-160711.98851111997,-6411786.362408798
638,-4400,180.287049725,,-793263.01879,-7205049.381198798
639,-660,184.009094866,,-121446.00261156,-7326495.383810358
640,-30,185.379040475,,-5561.371214250001,-7332056.755024608
641,3330,183.39791611200002,,610715.0606529601,-6721341.694371648
642,-2200,180.239256659,,-396526.3646498,-7117868.059021448
643,-3110,191.630223833,,-595969.9961206301,-7713838.055142078
644,-2890,181.871684957,,-525609.1695257301,-8239447.224667808
645,2790,184.676255942,,515246.75407818,-7724200.470589628
646,2600,182.06634535400002,,473372.49792040006,-7250827.972669228
647,3310,173.90680631599997,,575631.5289059599,-6675196.443763268
648,-620,175.44955952599997,,-108778.72690611998,-6783975.170669388
649,-2510,181.989679478,,-456794.09548978,-7240769.266159168
650,810,188.385159311,,152591.97904191,-7088177.287117259
651,4760,175.845138432,,837022.85893632,-6251154.428180939
652,-1040,173.35527606099998,,-180289.48710343998,-6431443.915284378
653,3960,169.857501439,,672635.70569844,-5758808.209585939
654,2380,175.21450409099998,,417010.51973657997,-5341797.689849359
655,90,188.077470999,,16926.972389910003,-5324870.717459449
656,2430,191.356649389,,464996.65801527,-4859874.059444179
657,-60,185.473661039,,-11128.41966234,-4871002.479106518
658,-1930,187.897387885,,-362641.95861805,-5233644.437724568
659,-4190,186.934317967,,-783254.79228173,-6016899.230006298
660,2750,180.838890301,,497306.94832774997,-5519592.281678548
661,1010,182.222293809,,184044.51674709,-5335547.764931458
662,-1040,183.249413238,,-190579.38976751998,-5526127.154698978
663,-2320,187.766535216,,-435618.36170112,-5961745.516400098
664,-1870,191.566842001,,-358229.99454187,-6319975.510941968
665,10,185.455609781,,1854.55609781,-6318120.954844158
666,2820,195.276508015,,550679.7526023,-5767441.2022418585
667,-3900,202.272716508,,-788863.5943812,-6556304.796623059
668,2290,197.344169222,,451918.14751838,-6104386.649104679
669,4360,199.981262475,,871918.304391,-5232468.344713679
670,-3380,189.225015168,,-639580.55126784,-5872048.895981519
671,460,192.450493806,,88527.22715076,-5783521.668830759
672,3980,193.95553811599999,,771943.0417016799,-5011578.627129079
673,1560,183.210762089,,285808.78885884,-4725769.838270239
674,340,186.63505781700002,,63455.91965778,-4662313.918612459
675,-3570,181.66697693400002,,-648551.10765438,-5310865.026266838
676,-2050,195.166198919,,-400090.70778395,-5710955.734050788
677,1790,183.506822402,,328477.21209958004,-5382478.521951208
678,-740,177.59143162,,-131417.6593988,-5513896.181350008
679,160,180.37636693099998,,28860.218708959997,-5485035.962641047
680,1850,186.390221082,,344821.9090017,-5140214.053639348
681,-2590,184.24592862400002,,-477196.95513616,-5617411.008775508
682,3580,190.90032678400001,,683423.16988672,-4933987.838888788
683,3650,195.226769079,,712577.70713835,-4221410.131750437
684,-4750,190.260309657,,-903736.47087075,-5125146.602621187
685,-1780,183.681460491,,-326952.99967398,-5452099.602295168
686,-3770,188.18298863,,-709449.8671351001,-6161549.469430268
687,2530,189.21728066400001,,478719.72007992,-5682829.749350348
688,2320,186.58959954099998,,432887.87093512,-5249941.878415228
689,-2960,181.531055372,,-537331.92390112,-5787273.802316348
690,-2190,183.625317285,,-402139.44485415,-6189413.247170498
691,-2250,179.8037075,,-404558.341875,-6593971.589045498
692,-3050,187.568007153,,-572082.42181665,-7166054.010862147
693,-4920,182.249129951,,-896665.7193589199,-8062719.730221068
694,4970,177.57418574,,882543.7031277999,-7180176.027093268
695,1420,185.556596297,,263490.36674173997,-6916685.660351528
696,1810,184.069189151,,333165.23236331,-6583520.427988218
697,310,190.87683118400003,,59171.817667040006,-6524348.610321178
698,-1340,188.910519725,,-253140.0964315,-6777488.706752678
699,-1170,193.114852917,,-225944.37791289002,-7003433.084665569
700,1040,183.419229861,,190755.99905543998,-6812677.085610129
701,-3900,182.663204531,,-712386.4976709,-7525063.583281029
702,-4390,198.53408730599998,,-871564.6432733398,-8396628.22655437
703,4280,211.031153048,,903213.33504544,-7493414.891508929
704,3680,202.07323364099997,,743629.49979888,-6749785.3917100495
705,-3760,202.330261952,,-760761.7849395201,-7510547.1766495695
706,3710,199.19012763400002,,738995.3735221401,-6771551.803127429
707,4060,208.26837538599997,,845569.6040671599,-5925982.19906027
708,860,192.57996271,,165618.76793059998,-5760363.43112967
709,2180,196.552243314,,428483.89042452,-5331879.54070515
710,-4380,192.901129249,,-844906.94611062,-6176786.48681577
711,-670,201.70482061099997,,-135142.22980936998,-6311928.71662514
712,-4870,190.41241302400002,,-927308.4514268801,-7239237.1680520205
713,-3820,193.686365533,,-739881.9163360599,-7979119.08438808
714,-1700,194.752969528,,-331080.0481976,-8310199.13258568
715,-3930,188.461370231,,-740653.1850078299,-9050852.31759351
716,-4550,188.75821651400003,,-858849.8851387001,-9909702.20273221
717,-10,171.002409309,,-1710.02409309,-9911412.226825299
718,640,183.395623681,,117373.19915583999,-9794039.02766946
719,1620,186.05655181400002,,301411.61393868004,-9492627.41373078
720,4330,191.743318542,,830248.56928686,-8662378.84444392
721,870,188.01765305,,163575.3581535,-8498803.48629042
722,-3000,189.551177793,,-568653.533379,-9067457.01966942
723,3850,205.525922059,,791274.79992715,-8276182.219742269
724,-90,210.357177171,,-18932.14594539,-8295114.365687659
725,1890,209.711273533,,396354.30697737,-7898760.058710289
726,-1510,202.072445121,,-305129.39213270997,-8203889.450842999
727,-3610,192.48746198700002,,-694879.7377730701,-8898769.188616069
728,3870,200.447809817,,775733.02399179,-8123036.164624279
729,-2380,195.33882412,,-464906.4014056,-8587942.56602988
730,1790,193.184506335,,345800.26633965,-8242142.29969023
731,-2810,195.277366608,,-548729.40016848,-8790871.69985871
732,130,203.62583541700002,,26471.358604210003,-8764400.3412545
733,4300,204.06816210099998,,877493.0970343,-7886907.244220201
734,2420,201.647519097,,487986.99621474004,-7398920.248005461
735,1390,204.833156821,,284718.08798119,-7114202.160024271
736,-3240,215.369923345,,-697798.5516378,-7812000.711662071
737,200,219.994051515,,43998.810303,-7768001.901359071
738,-4710,221.426871505,,-1042920.56478855,-8810922.46614762
739,2180,224.015296775,,488353.3469695,-8322569.11917812
740,4310,240.77474523,,1037739.1519413,-7284829.96723682
741,1690,241.136404656,,407520.52386864,-6877309.44336818
742,2680,246.070496292,,659468.93006256,-6217840.513305619
743,2260,237.10750823,,535862.9685998,-5681977.544705819
744,-3240,234.905659025,,-761094.335241,-6443071.8799468195
745,2030,238.72716644599998,,484616.14788537996,-5958455.732061439
746,-910,233.31509382599998,,-212316.73538166,-6170772.467443099
747,-3000,236.41709375099998,,-709251.2812529999,-6880023.748696099
748,2100,226.70926842900002,,476089.4637009,-6403934.284995199
749,-2370,229.671813197,,-544322.19727689,-6948256.482272089
750,3400,228.41091711099997,,776597.1181774,-6171659.3640946895
751,3780,224.307902852,,847883.87278056,-5323775.49131413
752,-2300,234.69139472900002,,-539790.2078767001,-5863565.69919083
753,590,239.379148742,,141233.69775778,-5722332.00143305
754,-4830,235.623941286,,-1138063.63641138,-6860395.63784443
755,4070,232.198823065,,945049.20987455,-5915346.42796988
756,4040,228.706220863,,923973.13228652,-4991373.295683361
757,220,219.15309507799998,,48213.680917159996,-4943159.614766201
758,2320,222.702025955,,516668.7002156,-4426490.914550601
759,3280,208.248172129,,683054.00458312,-3743436.9099674807
760,1800,197.476091195,,355456.964151,-3387979.9458164806
761,3650,206.97652515599998,,755464.3168194,-2632515.6289970805
762,-2650,199.070523215,,-527536.88651975,-3160052.5155168306
763,4160,185.84600584,,773119.3842944,-2386933.1312224306
764,-4230,195.749786401,,-828021.59647623,-3214954.7276986605
765,-2940,198.405473348,,-583312.0916431199,-3798266.8193417806
766,-2700,190.831324205,,-515244.57535349997,-4313511.39469528
767,3170,193.98890442299998,,614944.82702091,-3698566.56767437
768,4940,189.06745667299998,,933993.2359646199,-2764573.33170975
769,1740,205.72004300400002,,357952.87482696003,-2406620.4568827897
770,3270,206.931137565,,676664.81983755,-1729955.6370452396
771,-600,216.756555497,,-130053.93329819999,-1860009.5703434395
772,-200,218.01906697799998,,-43603.813395599995,-1903613.3837390395
773,2550,220.6546848,,562669.4462400001,-1340943.9374990393
774,-1200,209.20399534900002,,-251044.79441880004,-1591988.7319178395
775,560,217.339315408,,121710.01662848,-1470278.7152893594
776,-3060,204.91182451400002,,-627030.1830128401,-2097308.8983021993
777,3990,196.319208935,,783313.64365065,-1313995.2546515493
778,-4590,195.47705737799998,,-897239.69336502,-2211234.948016569
779,2180,187.051613468,,407772.51736024,-1803462.430656329
780,1660,186.030883702,,308811.26694532,-1494651.163711009
781,-4810,177.38088533,,-853202.0584373,-2347853.222148309
782,-550,193.901817675,,-106645.99972124999,-2454499.221869559
783,-3190,189.049160535,,-603066.82210665,-3057566.043976209
784,750,193.25022240400003,,144937.66680300003,-2912628.377173209
785,-4470,185.30534881,,-828314.9091807,-3740943.286353909
786,3580,189.06719185,,676860.546823,-3064082.739530909
787,-2850,191.379820395,,-545432.48812575,-3609515.2276566587
788,-3390,183.588787468,,-622365.9895165199,-4231881.217173179
789,4050,191.48969179,,775533.2517494999,-3456347.965423679
790,250,200.77635646299998,,50194.089115749994,-3406153.876307929
791,1210,201.61759839200002,,243957.29405432002,-3162196.582253609
792,-840,215.068365563,,-180657.42707292,-3342854.0093265288
793,100,208.937352849,,20893.7352849,-3321960.274041629
794,3800,216.183088635,,821495.7368129999,-2500464.537228629
795,3840,213.85967772799998,,821221.1624755199,-1679243.3747531092
796,-3320,217.523599613,,-722178.3507151599,-2401421.725468269
797,-3630,213.84737598599997,,-776265.9748291799,-3177687.700297449
798,3150,194.195934109,,611717.19244335,-2565970.507854099
799,-2790,198.47437697,,-553743.5117463,-3119714.019600399
800,-4290,208.819644765,,-895836.27604185,-4015550.295642249
801,-1800,206.93080192099998,,-372475.44345779996,-4388025.739100048
802,1750,201.535635544,,352687.362202,-4035338.3768980484
803,2750,201.57393049400002,,554328.3088585001,-3481010.0680395486
804,-630,197.17317041599998,,-124219.09736207999,-3605229.1654016287
805,-1820,200.27165822,,-364494.4179604,-3969723.583362029
806,-3290,203.460714365,,-669385.75026085,-4639109.333622878
807,600,201.270917789,,120762.55067340001,-4518346.782949478
808,1240,205.57853026799998,,254917.37753231998,-4263429.405417158
809,4100,204.71487323099998,,839330.9802470999,-3424098.4251700584
810,-460,202.048085585,,-92942.1193691,-3517040.544539158
811,540,200.52520626700002,,108283.61138418001,-3408756.9331549783
812,-3080,217.57907493,,-670143.5507844,-4078900.4839393785
813,-1550,226.981337005,,-351821.07235775,-4430721.556297128
814,-380,222.400921891,,-84512.35031858,-4515233.906615708
815,-2940,219.457223766,,-645204.23787204,-5160438.144487748
816,-4760,213.11754454400003,,-1014439.5120294401,-6174877.656517188
817,220,205.650892104,,45243.19626288,-6129634.460254308
818,-480,210.151287876,,-100872.61818048,-6230507.078434788
819,-3430,206.68174422,,-708918.3826746,-6939425.461109388
820,4800,211.69058022599998,,1016114.7850847999,-5923310.676024588
821,-3820,212.091834212,,-810190.80668984,-6733501.482714428
822,-4210,192.317338425,,-809655.99476925,-7543157.477483678
823,-4890,191.751190181,,-937663.3199850899,-8480820.797468768
824,190,194.95908811299998,,37042.226741469996,-8443778.570727298
825,-3840,185.696353443,,-713073.9972211199,-9156852.567948418
826,-1830,195.327246217,,-357448.86057711,-9514301.428525528
827,-1790,198.191819015,,-354763.35603684996,-9869064.784562377
828,3100,221.64095441400002,,687086.9586834001,-9181977.825878978
829,230,221.868905294,,51029.84821762,-9130947.977661358
830,4430,225.397952816,,998512.9309748799,-8132435.046686478
831,-4350,215.639170685,,-938030.3924797501,-9070465.439166227
832,1130,227.927685079,,257558.28413927002,-8812907.155026957
833,4340,218.123465479,,946655.84017886,-7866251.314848097
834,-2440,232.815985203,,-568071.00389532,-8434322.318743417
835,3200,236.43640537,,756596.497184,-7677725.821559417
836,-1670,252.942425028,,-422413.84979676,-8100139.671356177
837,-1720,268.356259002,,-461572.76548344,-8561712.436839618
838,-4630,253.57954903799998,,-1174073.31204594,-9735785.748885557
839,-3090,270.577694161,,-836085.0749574901,-10571870.823843047
840,-600,263.08214341400003,,-157849.2860484,-10729720.109891446
841,-1800,279.81244747799997,,-503662.4054603999,-11233382.515351847
842,4410,275.07657847900003,,1213087.7110923901,-10020294.804259457
843,-4080,296.25900824900003,,-1208736.75365592,-11229031.557915376
844,-2820,287.616300054,,-811077.9661522801,-12040109.524067657
845,4880,283.361014398,,1382801.75026224,-10657307.773805417
846,530,271.197523659,,143734.68753927,-10513573.086266147
847,-200,284.160264074,,-56832.0528148,-10570405.139080947
848,-4790,274.595821613,,-1315313.98552627,-11885719.124607217
849,510,264.32995468,,134808.2768868,-11750910.847720416
850,4540,277.893677599,,1261637.29629946,-10489273.551420957
851,3490,288.16269383900004,,1005687.8014981102,-9483585.749922847
852,-1250,308.013445407,,-385016.80675875,-9868602.556681598
853,-3390,291.201064662,,-987171.6092041801,-10855774.165885778
854,-3080,296.096864039,,-911978.3412401201,-11767752.5071259
855,4430,308.065437008,,1364729.88594544,-10403022.62118046
856,-1480,318.19923287,,-470934.8646476,-10873957.48582806
857,-720,325.630498639,,-234453.95902008,-11108411.44484814
858,4900,331.618591612,,1624931.0988987999,-9483480.34594934
859,1180,321.727679993,,379638.66239173996,-9103841.6835576
860,390,325.72568206200003,,127033.01600418001,-8976808.66755342
861,3950,329.24154207,,1300504.0911764998,-7676304.57637692
862,-2680,317.407957331,,-850653.32564708,-8526957.902023999
863,2040,335.87201631,,685178.9132724,-7841778.988751599
864,-3930,333.812712319,,-1311883.95941367,-9153662.948165268
865,1670,332.042016957,,554510.16831819,-8599152.779847078
866,4420,347.312822887,,1535122.67716054,-7064030.102686538
867,-1590,358.07500043699997,,-569339.25069483,-7633369.353381368
868,1620,347.695337952,,563266.44748224,-7070102.905899128
869,-890,345.00973368800004,,-307058.66298232006,-7377161.568881448
870,-2550,344.874672524,,-879430.4149362,-8256591.983817648
871,-4300,342.693221765,,-1473580.8535894998,-9730172.837407148
872,3990,339.330503952,,1353928.71076848,-8376244.126638668
873,1040,322.645613067,,335551.43758968,-8040692.689048988
874,-2960,322.60998395,,-954925.552492,-8995618.241540987
875,2980,325.86108775900004,,971066.0415218201,-8024552.200019167
876,-4140,331.160196331,,-1371003.21281034,-9395555.412829507
877,1600,342.285012732,,547656.0203711999,-8847899.392458307
878,-1660,332.598002483,,-552112.68412178,-9400012.076580087
879,4920,346.25491526300004,,1703574.1830939602,-7696437.893486126
880,1400,327.867751478,,459014.8520692,-7237423.041416926
881,-2030,330.974264351,,-671877.75663253,-7909300.798049456
882,-180,354.430927447,,-63797.56694046,-7973098.364989917
883,-1540,361.63459432800005,,-556917.2752651201,-8530015.640255038
884,-2730,364.405262962,,-994826.36788626,-9524842.008141298
885,830,371.644553355,,308464.97928465,-9216377.028856648
886,-940,374.730923974,,-352247.06853556,-9568624.097392209
887,-2050,414.86657824099996,,-850476.4853940499,-10419100.582786258
888,-240,441.341098467,,-105921.86363208,-10525022.446418338
889,-330,426.199602328,,-140645.86876824,-10665668.315186577
890,-1090,425.69377182,,-464006.2112838,-11129674.526470376
891,710,407.548392027,,289359.35833917,-10840315.168131206
892,3450,416.77332453099996,,1437867.96963195,-9402447.198499257
893,-1590,384.20772133199995,,-610890.2769178799,-10013337.475417137
894,-2140,398.568645134,,-852936.90058676,-10866274.376003897
895,3900,412.18916382699996,,1607537.7389252998,-9258736.637078596
896,1880,434.98416023699997,,817770.22124556,-8440966.415833035
897,-830,437.63778136300004,,-363239.35853129,-8804205.774364326
898,2410,417.243210524,,1005556.13736284,-7798649.6370014865
899,-820,411.104237183,,-337105.47449006,-8135755.111491546
900,-1900,447.800602844,,-850821.1454036001,-8986576.256895145
901,2640,452.281545157,,1194023.27921448,-7792552.977680665
902,-1490,464.61583432199996,,-692277.59313978,-8484830.570820445
903,-1850,444.68192056199996,,-822661.5530396999,-9307492.123860145
904,-2870,495.00665107,,-1420669.0885709,-10728161.212431045
905,1590,499.46708392,,794152.6634328,-9934008.548998246
906,4070,516.008853457,,2100156.0335699897,-7833852.515428256
907,380,524.380767555,,199264.6916709,-7634587.823757356
908,2390,534.846087091,,1278282.1481474899,-6356305.675609866
909,1020,531.523463526,,542153.93279652,-5814151.742813346
910,1970,544.380694266,,1072429.96770402,-4741721.7751093265
911,-4060,550.671639829,,-2235726.8577057403,-6977448.632815067
912,190,546.171835408,,103772.64872752,-6873675.984087546
913,3700,551.761281675,,2041516.7421974998,-4832159.241890047
914,-4680,540.306650115,,-2528635.1225382,-7360794.364428246
915,-4540,522.84473041,,-2373715.0760614,-9734509.440489646
916,940,513.83145758,,483001.5701252,-9251507.870364446
917,-2730,541.195403501,,-1477463.4515577299,-10728971.321922176
918,3200,561.953372757,,1798250.7928224,-8930720.529099775
919,-380,579.072210497,,-220047.43998886002,-9150767.969088636
920,2110,622.1004752,,1312632.002672,-7838135.9664166365
921,4400,657.9280123140001,,2894883.2541816,-4943252.712235036
922,1690,693.142267234,,1171410.43162546,-3771842.280609576
923,2440,664.281657384,,1620847.24401696,-2150995.036592616
924,-1530,669.702036089,,-1024644.11521617,-3175639.1518087857
925,1210,695.636466258,,841720.1241721801,-2333919.027636606
926,-780,663.653124983,,-517649.43748674,-2851568.4651233456
927,1030,680.076759179,,700479.06195437,-2151089.4031689754
928,-380,648.2050048909999,,-246317.90185857998,-2397407.305027555
929,-3000,672.901636445,,-2018704.909335,-4416112.214362555
930,3440,718.714681318,,2472378.50373392,-1943733.7106286353
931,-1070,765.3116494589999,,-818883.4649211299,-2762617.175549765
932,-1040,745.668955225,,-775495.713434,-3538112.888983765
933,3280,749.6012710480001,,2458692.1690374403,-1079420.7199463248
934,-480,731.068310418,,-350912.78900064,-1430333.5089469648
935,-3470,748.410774765,,-2596985.3884345503,-4027318.8973815152
936,4400,717.987173594,,3159143.5638135998,-868175.3335679155
937,-3500,717.0539014139999,,-2509688.6549489996,-3377863.988516915
938,-3000,692.670891038,,-2078012.6731140001,-5455876.6616309155
939,1430,723.714917965,,1034912.33268995,-4420964.328940965
940,-2730,757.40487225,,-2067715.3012425,-6488679.630183466
941,4670,779.4540905560001,,3640050.6028965204,-2848629.0272869454
942,-1330,807.492454851,,-1073964.96495183,-3922593.9922387754
943,1910,785.683711021,,1500655.88805011,-2421938.1041886653
944,4600,759.9121952989999,,3495596.0983753996,1073657.9941867343
945,-4890,739.072878322,,-3614066.3749945797,-2540408.3808078454
946,3140,742.9773922160001,,2332949.0115582403,-207459.3692496051
947,-410,729.882821935,,-299251.95699335,-506711.3262429551
948,-2360,791.130175213,,-1867067.2135026802,-2373778.5397456354
949,-4500,757.844088166,,-3410298.396747,-5784076.936492635
950,3060,796.231796135,,2436469.2961731,-3347607.640319535
951,-2910,781.2497927410001,,-2273436.89687631,-5621044.537195845
952,-910,774.160733135,,-704486.2671528499,-6325530.804348694
953,-310,782.755048753,,-242654.06511343,-6568184.869462124
954,-240,848.469657598,,-203632.71782352,-6771817.587285644
955,-4850,854.9541499810001,,-4146527.6274078507,-10918345.214693494
956,1560,819.644145726,,1278644.86733256,-9639700.347360935
957,3810,839.4648934039999,,3198361.2438692395,-6441339.103491696
958,-250,856.2651275589999,,-214066.28188974998,-6655405.385381445
959,-2250,847.717023954,,-1907363.3038964998,-8562768.689277945
960,-2980,822.187974093,,-2450120.16279714,-11012888.852075085
961,1390,761.484793847,,1058463.86344733,-9954424.988627754
962,-3870,756.5993216160001,,-2928039.3746539205,-12882464.363281675
963,-4110,779.749131901,,-3204768.93211311,-16087233.295394786
964,-4060,799.751140237,,-3246989.62936222,-19334222.924757004
965,3540,804.305008177,,2847239.72894658,-16486983.195810424
966,160,811.4062007660001,,129824.99212256001,-16357158.203687863
967,2270,806.4965335210001,,1830747.1310926701,-14526411.072595194
968,-2530,854.7411098030001,,-2162495.00780159,-16688906.080396784
969,2550,853.5692229269999,,2176601.51846385,-14512304.561932934
970,3960,865.4272462839999,,3427091.8952846397,-11085212.666648295
971,720,842.388655308,,606519.83182176,-10478692.834826535
972,-3890,817.8120741930001,,-3181288.96861077,-13659981.803437304
973,-3490,843.479540852,,-2943743.59757348,-16603725.401010783
974,-4890,838.210344289,,-4098848.58357321,-20702573.984583993
975,-4470,858.532208419,,-3837638.97163293,-24540212.956216924
976,-4890,871.3619426439999,,-4260959.899529159,-28801172.855746083
977,1570,893.018745285,,1402039.43009745,-27399133.425648633
978,3290,910.406918771,,2995238.7627565903,-24403894.662892044
979,-4110,896.0168158739999,,-3682629.1132421396,-28086523.77613418
980,-1100,940.956883555,,-1035052.5719105,-29121576.348044682
981,1900,963.648455602,,1830932.0656438,-27290644.282400884
982,320,947.297190221,,303135.10087072,-26987509.181530163
983,4550,917.3809423910001,,4174083.2878790502,-22813425.893651113
984,4850,913.850339699,,4432174.14754015,-18381251.74611096
985,4990,905.280032623,,4517347.36278877,-13863904.38332219
986,4780,884.16540473,,4226310.6346094,-9637593.74871279
987,3140,841.44842513,,2642148.0549082,-6995445.693804589
988,-3000,850.368248117,,-2551104.744351,-9546550.43815559
989,-2990,820.8437436989999,,-2454322.7936600097,-12000873.231815599
990,2100,784.024136227,,1646450.6860767,-10354422.545738898
991,4840,840.526309533,,4068147.3381397203,-6286275.207599178
992,4950,839.753547398,,4156780.0596201,-2129495.147979078
993,-2270,845.151354123,,-1918493.5738592101,-4047988.721838288
994,4610,861.2619493999999,,3970417.5867339997,-77571.13510428835
995,2700,905.6626612780001,,2445289.1854506005,2367718.050346312
996,4890,927.839676833,,4537136.01971337,6904854.070059682
997,-3440,939.591990145,,-3232196.4460988,3672657.6239608824
998,100,957.03416239,,95703.416239,3768361.0401998824
999,-50,909.821620946,,-45491.0810473,3722869.9591525826
